Event,Team,Driver,PitStopCount,AvgPitDuration,TotalPitDuration,MostFrequentCompound,AvgTyreLife,AvgLapTime,AvgPrevLapTime,AvgNextLapTime,PitStopLapTimeRatio
Bahrain,Williams,ALB,2,24.7305,49.461,HARD,18.0,100.75200000000001,98.372,118.4865,0.24545914721295853
Bahrain,Aston Martin,ALO,2,24.9615,49.923,HARD,22.0,100.681,98.3365,117.8565,0.2479266197197088
Bahrain,Kick Sauber,BOT,2,50.7585,101.517,HARD,15.0,102.1985,98.9205,121.081,0.4966658023356507
Bahrain,Alpine,GAS,3,27.14833333333333,81.445,HARD,14.333333333333334,100.39299999999999,98.03966666666668,120.27199999999999,0.27042058045215633
Bahrain,Mercedes,HAM,2,24.5915,49.183,HARD,18.0,100.29249999999999,97.7805,116.8095,0.24519779644539724
Bahrain,Haas F1 Team,HUL,3,28.503,85.509,HARD,13.666666666666666,104.64066666666668,97.475,121.906,0.27238931963991053
Bahrain,Ferrari,LEC,2,24.0645,48.129,HARD,18.5,100.6755,97.3125,116.8185,0.2390303499858456
Bahrain,Haas F1 Team,MAG,2,25.226999999999997,50.45399999999999,HARD,16.0,100.8265,98.3735,118.1685,0.2502020798103673
Bahrain,McLaren,NOR,2,24.455,48.91,HARD,18.0,100.13050000000001,97.6265,117.334,0.2442312781819725
Bahrain,Alpine,OCO,2,24.9105,49.821,HARD,15.0,101.42599999999999,98.934,119.168,0.24560270542070084
Bahrain,Red Bull Racing,PER,2,24.458,48.916,HARD,19.5,99.821,97.306,116.71600000000001,0.24501858326404263
Bahrain,McLaren,PIA,2,25.105,50.21,HARD,18.5,99.975,97.7425,119.196,0.25111277819454864
Bahrain,RB,RIC,2,24.68,49.36,HARD,19.0,101.384,98.5695,118.20150000000001,0.2434309161208869
Bahrain,Mercedes,RUS,2,24.857999999999997,49.715999999999994,HARD,17.0,99.96000000000001,97.48400000000001,117.86349999999999,0.24867947178871544
Bahrain,Ferrari,SAI,2,24.232999999999997,48.465999999999994,HARD,19.0,99.5135,96.89699999999999,116.4225,0.24351469901068698
Bahrain,Williams,SAR,3,28.765666666666664,86.297,HARD,13.333333333333334,100.17599999999999,98.22333333333334,124.767,0.28715128041313953
Bahrain,Aston Martin,STR,2,24.387,48.774,HARD,13.5,101.411,98.495,117.22749999999999,0.24047687134531756
Bahrain,RB,TSU,2,24.6355,49.271,HARD,17.0,100.9865,98.179,118.5025,0.24394844855500486
Bahrain,Red Bull Racing,VER,2,24.653,49.306,HARD,20.0,99.565,96.6865,117.14949999999999,0.24760709084517651
Bahrain,Kick Sauber,ZHO,2,25.061999999999998,50.123999999999995,HARD,14.0,101.262,98.8495,118.202,0.2474965929963856
Saudi Arabia,Williams,ALB,1,21.633,21.633,MEDIUM,7.0,131.613,95.977,,0.16436826149392536
Saudi Arabia,Aston Martin,ALO,1,22.24,22.24,MEDIUM,8.0,126.883,94.48,,0.17527958828211818
Saudi Arabia,Ferrari,BEA,1,22.453,22.453,SOFT,7.0,131.168,96.122,,0.1711774213222737
Saudi Arabia,Kick Sauber,BOT,2,22.972,45.944,HARD,17.5,115.72200000000001,95.973,114.249,0.19851022277527178
Saudi Arabia,Alpine,GAS,0,,0.0,MEDIUM,1.0,121.453,,,
Saudi Arabia,Mercedes,HAM,1,20.236,20.236,MEDIUM,36.0,95.967,93.742,109.485,0.2108641512186481
Saudi Arabia,Haas F1 Team,HUL,1,21.107,21.107,MEDIUM,33.0,96.601,93.999,111.863,0.21849670293268186
Saudi Arabia,Ferrari,LEC,1,23.374,23.374,MEDIUM,7.0,124.831,94.244,,0.18724515545016862
Saudi Arabia,Haas F1 Team,MAG,1,21.46,21.46,MEDIUM,7.0,131.564,96.027,,0.1631145298105865
Saudi Arabia,McLaren,NOR,1,22.266,22.266,MEDIUM,37.0,96.675,93.573,110.849,0.23031807602792861
Saudi Arabia,Alpine,OCO,1,22.525,22.525,MEDIUM,7.0,132.702,96.798,,0.1697412246989495
Saudi Arabia,Red Bull Racing,PER,1,22.243,22.243,MEDIUM,7.0,124.615,93.842,,0.1784937607832123
Saudi Arabia,McLaren,PIA,1,21.379,21.379,MEDIUM,7.0,126.72,94.409,,0.16871054292929294
Saudi Arabia,RB,RIC,1,63.418,63.418,MEDIUM,7.0,132.474,95.847,,0.47872035267297736
Saudi Arabia,Mercedes,RUS,1,21.004,21.004,MEDIUM,7.0,128.836,95.06,,0.16302896705889658
Saudi Arabia,Williams,SAR,1,23.717,23.717,MEDIUM,7.0,134.35,96.203,,0.17653144771120208
Saudi Arabia,RB,TSU,1,21.74,21.74,MEDIUM,7.0,130.914,96.275,,0.16606321707380417
Saudi Arabia,Red Bull Racing,VER,1,20.668,20.668,MEDIUM,7.0,122.919,93.676,,0.16814324880612436
Saudi Arabia,Kick Sauber,ZHO,1,46.349,46.349,MEDIUM,41.0,96.379,93.736,137.392,0.48090351632617057
Australia,Williams,ALB,2,17.5935,35.187,HARD,13.5,97.6505,83.7205,88.828,0.18016804829468358
Australia,Aston Martin,ALO,2,17.978499999999997,35.956999999999994,HARD,21.5,103.79849999999999,82.9765,89.035,0.1732057785035429
Australia,Kick Sauber,BOT,2,32.894,65.788,HARD,19.0,112.584,83.592,89.03649999999999,0.29217295530448373
Australia,Alpine,GAS,2,18.91,37.82,HARD,20.5,111.191,85.1935,89.02950000000001,0.17006772130837927
Australia,Mercedes,HAM,1,17.543,17.543,SOFT,7.0,96.858,83.165,88.164,0.18112081603997604
Australia,Haas F1 Team,HUL,2,18.16,36.32,HARD,17.5,105.906,83.584,87.627,0.17147281551564594
Australia,Ferrari,LEC,2,17.1935,34.387,HARD,17.0,95.999,82.5025,87.906,0.17910082396691634
Australia,Haas F1 Team,MAG,2,18.1455,36.291,HARD,16.5,97.8735,83.675,89.259,0.18539747735597478
Australia,McLaren,NOR,2,17.7215,35.443,HARD,20.5,97.061,82.527,87.3905,0.18258105727326113
Australia,Alpine,OCO,3,22.205,66.615,HARD,14.0,102.27033333333333,83.07766666666667,94.90366666666667,0.21712063778678078
Australia,Red Bull Racing,PER,2,17.575000000000003,35.150000000000006,HARD,17.5,99.06649999999999,83.313,87.79050000000001,0.17740608581104617
Australia,McLaren,PIA,2,17.85,35.7,HARD,20.0,96.641,84.1275,87.3645,0.18470421456731614
Australia,RB,RIC,2,17.871000000000002,35.742000000000004,HARD,14.5,98.0735,83.979,90.589,0.18222047749901862
Australia,Mercedes,RUS,2,17.869,35.738,HARD,22.5,96.6315,82.4305,87.3825,0.18491899639351556
Australia,Ferrari,SAI,2,17.612,35.224,HARD,20.5,95.91,82.0315,95.49000000000001,0.18363048691481595
Australia,Aston Martin,STR,2,17.79,35.58,HARD,19.5,97.44399999999999,83.113,87.89599999999999,0.18256639711013506
Australia,RB,TSU,2,18.0015,36.003,HARD,18.0,97.68299999999999,83.33500000000001,89.518,0.18428488068548265
Australia,Red Bull Racing,VER,0,,0.0,MEDIUM,4.0,,83.115,,
Australia,Kick Sauber,ZHO,2,27.8205,55.641,HARD,18.0,107.768,83.61449999999999,89.869,0.2581517704698983
Azerbaijan,Williams,ALB,1,20.333,20.333,HARD,31.0,112.482,109.041,125.956,0.18076670044984974
Azerbaijan,Aston Martin,ALO,1,20.117,20.117,MEDIUM,12.0,113.492,109.354,125.549,0.17725478447820112
Azerbaijan,Haas F1 Team,BEA,1,21.099,21.099,MEDIUM,14.0,114.465,110.193,126.955,0.18432708688245314
Azerbaijan,Kick Sauber,BOT,1,20.082,20.082,MEDIUM,12.0,117.809,112.685,126.862,0.17046235856343744
Azerbaijan,Williams,COL,1,20.495,20.495,MEDIUM,10.0,113.374,109.403,126.259,0.18077336955563006
Azerbaijan,Alpine,GAS,1,20.213,20.213,HARD,50.0,145.969,108.461,,0.13847460762216637
Azerbaijan,Mercedes,HAM,1,21.302,21.302,MEDIUM,12.0,115.287,110.712,126.757,0.18477365184279232
Azerbaijan,Haas F1 Team,HUL,1,21.649,21.649,MEDIUM,15.0,114.956,110.366,126.435,0.18832422840043148
Azerbaijan,Ferrari,LEC,1,20.867,20.867,MEDIUM,16.0,113.844,109.99,126.071,0.18329468395348023
Azerbaijan,McLaren,NOR,1,19.535,19.535,HARD,37.0,111.037,107.509,122.491,0.17593234687536585
Azerbaijan,Alpine,OCO,1,20.62,20.62,HARD,52.0,115.188,111.775,,0.17901170260791055
Azerbaijan,Red Bull Racing,PER,1,20.496,20.496,MEDIUM,13.0,113.398,109.117,124.864,0.1807439284643468
Azerbaijan,McLaren,PIA,1,20.176,20.176,MEDIUM,15.0,113.511,109.577,123.253,0.17774488816061879
Azerbaijan,RB,RIC,1,22.06,22.06,HARD,50.0,113.511,109.604,,0.19434239853406277
Azerbaijan,Mercedes,RUS,1,20.085,20.085,MEDIUM,12.0,114.565,109.833,124.183,0.17531532317898138
Azerbaijan,Ferrari,SAI,1,21.578,21.578,MEDIUM,17.0,113.944,109.36,125.361,0.18937372744506073
Azerbaijan,Aston Martin,STR,2,20.6735,41.347,HARD,16.0,122.848,109.62700000000001,126.94200000000001,0.1682851979682209
Azerbaijan,RB,TSU,1,20.969,20.969,HARD,8.0,123.602,122.21199999999999,131.939,0.16964935842462098
Azerbaijan,Red Bull Racing,VER,2,20.856,41.712,HARD,24.5,113.26650000000001,108.697,126.486,0.18413211320205003
Azerbaijan,Kick Sauber,ZHO,1,20.46,20.46,HARD,35.0,113.797,109.199,126.269,0.17979384342293736
Miami,Williams,ALB,2,22.563000000000002,45.126000000000005,HARD,26.5,103.149,94.64349999999999,107.40549999999999,0.21874182008550738
Miami,Aston Martin,ALO,1,22.358,22.358,HARD,23.0,102.401,94.258,109.315,0.2183377115457857
Miami,Kick Sauber,BOT,2,23.2405,46.481,HARD,14.5,115.196,106.1945,114.487,0.20174745650890658
Miami,Alpine,GAS,1,22.522,22.522,MEDIUM,12.0,99.216,94.743,108.014,0.2269996774713756
Miami,Mercedes,HAM,1,22.135,22.135,HARD,26.0,99.049,92.932,105.964,0.2234752496239235
Miami,Haas F1 Team,HUL,2,22.8005,45.601,HARD,14.0,107.9245,94.79050000000001,123.29,0.21126342952712313
Miami,Ferrari,LEC,1,21.795,21.795,MEDIUM,19.0,98.239,92.829,106.412,0.22185690000916133
Miami,Haas F1 Team,MAG,3,27.872666666666664,83.618,MEDIUM,10.333333333333334,116.98766666666666,96.92200000000001,123.04433333333333,0.2382530352202369
Miami,McLaren,NOR,1,22.052,22.052,MEDIUM,29.0,133.364,92.042,138.015,0.16535196904711916
Miami,Alpine,OCO,1,22.743,22.743,MEDIUM,22.0,102.357,93.867,111.928,0.2221929130396553
Miami,Red Bull Racing,PER,2,22.130000000000003,44.260000000000005,HARD,14.0,103.01050000000001,92.6675,122.3095,0.21483246853476104
Miami,McLaren,PIA,2,26.204,52.408,HARD,20.0,99.1985,92.63650000000001,114.601,0.26415722011925585
Miami,RB,RIC,1,22.635,22.635,HARD,28.0,113.429,95.172,137.564,0.19955214275009037
Miami,Mercedes,RUS,1,22.848,22.848,MEDIUM,27.0,98.07,108.602,107.438,0.23297644539614562
Miami,Ferrari,SAI,1,23.091,23.091,MEDIUM,27.0,97.282,92.573,116.881,0.23736148516683458
Miami,Williams,SAR,1,22.529,22.529,MEDIUM,11.0,99.392,94.582,108.848,0.22666814230521573
Miami,Aston Martin,STR,2,22.838,45.676,HARD,15.0,108.3985,94.18950000000001,123.70499999999998,0.21068557221732775
Miami,RB,TSU,1,22.233,22.233,MEDIUM,28.0,107.67,93.109,138.203,0.20649205906937865
Miami,Red Bull Racing,VER,1,22.249,22.249,MEDIUM,23.0,111.938,92.906,107.087,0.19876181457592595
Miami,Kick Sauber,ZHO,1,23.025,23.025,MEDIUM,28.0,113.108,93.485,139.346,0.2035665028114722
Emilia Romagna,Williams,ALB,4,-8.286000000000001,-33.144000000000005,MEDIUM,14.6,87.91525,83.1894,111.57566666666666,-0.09424985995034993
Emilia Romagna,Aston Martin,ALO,3,30.590000000000003,91.77000000000001,HARD,20.333333333333332,87.77766666666666,82.94600000000001,105.82966666666665,0.3484941120178634
Emilia Romagna,Kick Sauber,BOT,1,30.274,30.274,MEDIUM,8.0,87.265,82.568,105.836,0.34692030023491666
Emilia Romagna,Alpine,GAS,2,30.3475,60.695,HARD,15.0,87.454,82.995,104.98599999999999,0.3470110000686075
Emilia Romagna,Mercedes,HAM,1,29.603,29.603,MEDIUM,27.0,86.215,86.346,103.406,0.34336252392275124
Emilia Romagna,Haas F1 Team,HUL,1,29.807,29.807,MEDIUM,13.0,86.982,82.571,104.353,0.3426800947322434
Emilia Romagna,Ferrari,LEC,1,30.232,30.232,MEDIUM,25.0,86.023,81.6,105.006,0.35144089371447174
Emilia Romagna,Haas F1 Team,MAG,1,31.311,31.311,MEDIUM,37.0,87.682,83.175,105.988,0.35709723774548935
Emilia Romagna,McLaren,NOR,1,29.843,29.843,MEDIUM,22.0,86.107,81.855,104.693,0.3465804173876688
Emilia Romagna,Alpine,OCO,1,30.67,30.67,MEDIUM,25.0,87.881,83.042,105.525,0.3489946632377875
Emilia Romagna,Red Bull Racing,PER,1,29.571,29.571,HARD,37.0,88.056,83.111,103.314,0.33582038702643774
Emilia Romagna,McLaren,PIA,1,29.721,29.721,MEDIUM,23.0,86.22,81.869,103.264,0.34471120389700766
Emilia Romagna,RB,RIC,1,30.128,30.128,MEDIUM,11.0,87.088,82.494,104.778,0.3459489252250597
Emilia Romagna,Mercedes,RUS,2,29.737000000000002,59.474000000000004,HARD,26.0,86.561,81.68,103.89150000000001,0.3435380829703908
Emilia Romagna,Ferrari,SAI,1,30.464,30.464,MEDIUM,27.0,86.35,81.588,104.128,0.35279675738274463
Emilia Romagna,Williams,SAR,1,31.082,31.082,HARD,31.0,88.215,84.026,108.212,0.35234370571898205
Emilia Romagna,Aston Martin,STR,1,30.128,30.128,MEDIUM,38.0,86.977,82.55,103.75,0.34639042505489953
Emilia Romagna,RB,TSU,1,29.763,29.763,MEDIUM,12.0,86.755,82.447,103.607,0.343069563713907
Emilia Romagna,Red Bull Racing,VER,1,30.289,30.289,MEDIUM,24.0,86.212,81.988,103.602,0.3513316011692108
Emilia Romagna,Kick Sauber,ZHO,1,30.2,30.2,HARD,33.0,89.428,83.806,105.17,0.3377018383504048
Monaco,Williams,ALB,1,2381.054,2381.054,MEDIUM,1.0,2494.817,,142.255,0.9544002626244731
Monaco,Aston Martin,ALO,1,2389.249,2389.249,HARD,2.0,2513.184,,124.571,0.9506860619835236
Monaco,Kick Sauber,BOT,2,1209.05,2418.1,HARD,7.5,1309.8235,81.221,98.185,0.9230632982230048
Monaco,Alpine,GAS,1,2381.591,2381.591,HARD,1.0,2497.695,,139.618,0.9535155413291053
Monaco,Mercedes,HAM,2,1199.617,2399.234,HARD,25.5,1289.5065,78.461,79.702,0.9302915495191377
Monaco,Ferrari,LEC,1,2357.749,2357.749,MEDIUM,1.0,2456.33,,,0.9598665488757617
Monaco,McLaren,NOR,1,2365.334,2365.334,MEDIUM,2.0,2468.042,,,0.9583848248935796
Monaco,McLaren,PIA,1,2357.441,2357.441,MEDIUM,2.0,2458.744,,,0.9587988826815641
Monaco,RB,RIC,1,2385.475,2385.475,MEDIUM,1.0,2507.607,,130.108,0.9512953983618645
Monaco,Mercedes,RUS,1,2369.483,2369.483,HARD,1.0,2473.884,,,0.9577987488499866
Monaco,Ferrari,SAI,1,2326.813,2326.813,MEDIUM,1.0,2462.721,,,0.9448138867537168
Monaco,Williams,SAR,2,1207.9044999999999,2415.8089999999997,HARD,29.0,1307.3020000000001,81.474,100.52199999999999,0.9239674535799683
Monaco,Aston Martin,STR,3,811.8566666666667,2435.57,HARD,17.333333333333332,902.9473333333334,79.131,98.90266666666666,0.899118516325426
Monaco,RB,TSU,1,2377.337,2377.337,MEDIUM,1.0,2488.609,,148.277,0.9552874718366766
Monaco,Red Bull Racing,VER,2,1198.0725,2396.145,HARD,26.0,1286.4245,78.142,78.724,0.9313197160035431
Monaco,Kick Sauber,ZHO,2,1205.4824999999998,2410.9649999999997,HARD,35.0,1313.5755000000001,80.484,98.713,0.917710858644973
Spain,Williams,ALB,2,22.483,44.966,MEDIUM,21.5,86.38149999999999,83.888,98.82,0.26027563772335516
Spain,Aston Martin,ALO,2,22.1785,44.357,MEDIUM,23.0,84.66499999999999,81.36250000000001,98.5185,0.261955944014646
Spain,Kick Sauber,BOT,2,22.9145,45.829,SOFT,15.5,85.45949999999999,82.871,99.4165,0.26813285825449484
Spain,Alpine,GAS,2,23.8575,47.715,MEDIUM,20.5,85.452,81.47999999999999,100.2025,0.27919182699059125
Spain,Mercedes,HAM,2,21.622999999999998,43.245999999999995,MEDIUM,23.0,84.5575,81.10050000000001,97.263,0.25571948082665635
Spain,Haas F1 Team,HUL,2,22.595,45.19,MEDIUM,19.0,86.0095,81.507,99.9245,0.26270353856260065
Spain,Ferrari,LEC,2,21.932499999999997,43.864999999999995,MEDIUM,23.5,84.549,80.862,97.989,0.25940578835941286
Spain,Haas F1 Team,MAG,2,26.07,52.14,MEDIUM,14.5,85.7325,82.07,104.009,0.30408538185635553
Spain,McLaren,NOR,2,22.035,44.07,MEDIUM,23.5,84.0855,80.17349999999999,97.3995,0.2620546943289866
Spain,Alpine,OCO,2,21.930500000000002,43.861000000000004,MEDIUM,20.0,86.0325,81.664,98.09899999999999,0.254909481881847
Spain,Red Bull Racing,PER,3,21.659000000000002,64.977,SOFT,18.333333333333332,84.73633333333333,81.06566666666667,97.54966666666667,0.2556046402763081
Spain,McLaren,PIA,2,22.3275,44.655,MEDIUM,24.5,85.574,81.275,98.45750000000001,0.26091453011428706
Spain,RB,RIC,2,22.1965,44.393,MEDIUM,21.0,85.57650000000001,81.9865,100.688,0.2593761137695512
Spain,Mercedes,RUS,2,23.849,47.698,MEDIUM,19.5,84.868,81.8055,99.7955,0.2810128670405807
Spain,Ferrari,SAI,2,22.2215,44.443,MEDIUM,18.0,84.58000000000001,81.17699999999999,98.328,0.2627275951761645
Spain,Williams,SAR,2,22.424500000000002,44.849000000000004,MEDIUM,17.0,86.102,83.024,100.107,0.26044110473624305
Spain,Aston Martin,STR,2,22.593,45.186,MEDIUM,19.0,86.04849999999999,81.60849999999999,100.03999999999999,0.2625612300040094
Spain,RB,TSU,3,22.206333333333333,66.619,HARD,14.666666666666666,85.99033333333334,81.94833333333334,99.89666666666666,0.258242205519225
Spain,Red Bull Racing,VER,2,21.987000000000002,43.974000000000004,MEDIUM,23.5,84.1515,80.762,97.35499999999999,0.2612787650844014
Spain,Kick Sauber,ZHO,2,23.355,46.71,MEDIUM,20.5,85.762,82.3945,100.1115,0.2723234066369721
Canada,Williams,ALB,2,24.7805,49.561,INTERMEDIATE,22.0,114.358,86.49950000000001,101.76849999999999,0.21669231710942827
Canada,Aston Martin,ALO,2,24.1155,48.231,INTERMEDIATE,22.0,109.668,85.55850000000001,106.4755,0.21989550279023962
Canada,Kick Sauber,BOT,1,24.83,24.83,INTERMEDIATE,42.0,102.791,85.784,98.817,0.24155811306437333
Canada,Alpine,GAS,2,24.735500000000002,49.471000000000004,INTERMEDIATE,20.0,115.57,87.475,106.9745,0.21403045773124516
Canada,Mercedes,HAM,3,25.575666666666667,76.727,INTERMEDIATE,18.0,113.62033333333333,82.72633333333333,105.00100000000002,0.2250976204376564
Canada,Haas F1 Team,HUL,3,24.483,73.449,INTERMEDIATE,14.666666666666666,112.772,91.19366666666667,98.67266666666667,0.21710176284893412
Canada,Ferrari,LEC,3,31.94666666666667,95.84,INTERMEDIATE,10.25,132.45466666666667,95.968,101.949,0.24118943839904974
Canada,Haas F1 Team,MAG,4,27.2935,109.174,INTERMEDIATE,13.5,117.45599999999999,90.5665,101.56275,0.23237212232665852
Canada,McLaren,NOR,2,23.7155,47.431,INTERMEDIATE,23.5,120.72749999999999,87.33600000000001,109.8485,0.19643825971713155
Canada,Alpine,OCO,1,24.458,24.458,INTERMEDIATE,44.0,101.451,84.927,93.259,0.24108190160767268
Canada,Red Bull Racing,PER,2,29.0885,58.177,INTERMEDIATE,17.333333333333332,119.211,83.70666666666666,103.07849999999999,0.2440085227034418
Canada,McLaren,PIA,2,23.6655,47.331,INTERMEDIATE,22.0,106.658,85.369,102.07249999999999,0.22188209041984663
Canada,RB,RIC,2,27.064500000000002,54.129000000000005,INTERMEDIATE,21.5,117.35849999999999,97.9555,99.041,0.2306138882143177
Canada,Mercedes,RUS,3,25.939999999999998,77.82,INTERMEDIATE,18.0,111.83933333333334,83.092,103.57000000000001,0.2319398661174661
Canada,Ferrari,SAI,2,25.951,51.902,INTERMEDIATE,17.666666666666668,116.55250000000001,84.54366666666667,102.1565,0.22265502670470388
Canada,Aston Martin,STR,2,24.6805,49.361,INTERMEDIATE,22.0,112.437,85.941,102.78200000000001,0.21950514510348015
Canada,RB,TSU,1,25.613,25.613,INTERMEDIATE,44.0,102.357,84.662,92.947,0.2502320310286546
Canada,Red Bull Racing,VER,2,24.2075,48.415,INTERMEDIATE,22.5,107.25399999999999,85.70750000000001,100.336,0.22570253790068437
Canada,Kick Sauber,ZHO,3,39.903333333333336,119.71000000000001,INTERMEDIATE,17.333333333333332,126.07633333333332,86.12133333333333,113.44666666666666,0.3165013787943283
Austria,Williams,ALB,2,21.6985,43.397,HARD,19.5,75.90549999999999,72.012,88.485,0.28586202580840653
Austria,Aston Martin,ALO,3,25.989,77.967,MEDIUM,24.333333333333332,76.36566666666666,71.879,93.007,0.3403230945843901
Austria,Kick Sauber,BOT,2,21.932000000000002,43.864000000000004,HARD,21.0,75.711,72.3205,88.89750000000001,0.28968049556867564
Austria,Alpine,GAS,2,21.7755,43.551,HARD,21.0,75.5835,72.2185,87.542,0.28809859294687334
Austria,Mercedes,HAM,2,24.4645,48.929,HARD,26.5,75.53450000000001,71.5995,89.8825,0.32388511210109283
Austria,Haas F1 Team,HUL,2,22.058500000000002,44.117000000000004,HARD,19.5,74.9975,71.77350000000001,88.535,0.29412313743791463
Austria,Ferrari,LEC,4,24.14725,96.589,MEDIUM,13.0,76.49275,71.401,90.47149999999999,0.31568024420615026
Austria,Haas F1 Team,MAG,2,21.653,43.306,HARD,19.0,75.2645,71.70400000000001,87.3375,0.28769207262387975
Austria,McLaren,NOR,2,21.459,42.918,MEDIUM,21.333333333333332,89.95566666666667,70.66966666666667,87.011,0.23855084171091684
Austria,Alpine,OCO,2,21.727,43.454,HARD,21.5,75.661,71.968,87.6795,0.2871624747227766
Austria,Red Bull Racing,PER,2,24.323,48.646,HARD,25.5,76.273,71.728,90.89250000000001,0.31889397296553174
Austria,McLaren,PIA,2,20.8445,41.689,HARD,25.5,74.12450000000001,70.92599999999999,86.2145,0.28120931675761723
Austria,RB,RIC,2,21.1765,42.353,HARD,18.5,75.1045,71.75399999999999,87.64,0.2819604684140098
Austria,Mercedes,RUS,2,21.447,42.894,MEDIUM,23.0,75.382,71.5215,86.4565,0.28451089119418427
Austria,Ferrari,SAI,2,21.176499999999997,42.352999999999994,HARD,23.5,74.845,71.44749999999999,86.5635,0.28293807201549864
Austria,Williams,SAR,3,25.449666666666662,76.34899999999999,MEDIUM,18.333333333333332,78.80733333333335,72.337,93.01333333333334,0.3229352598319952
Austria,Aston Martin,STR,2,21.500999999999998,43.001999999999995,MEDIUM,22.0,75.5175,72.124,87.894,0.28471546330320785
Austria,RB,TSU,2,22.4635,44.927,HARD,22.0,75.6545,72.2555,89.9485,0.29692219233489087
Austria,Red Bull Racing,VER,3,23.587333333333333,70.762,MEDIUM,22.333333333333332,82.18066666666667,70.89966666666668,90.892,0.2870180334385216
Austria,Kick Sauber,ZHO,2,22.351,44.702,HARD,25.5,76.0215,73.217,89.5645,0.29400893168379993
Britain,Williams,ALB,2,32.134,64.268,INTERMEDIATE,19.0,102.7985,102.02199999999999,123.0685,0.3125921098070497
Britain,Aston Martin,ALO,2,29.5485,59.097,INTERMEDIATE,19.0,103.5985,102.1825,121.8305,0.2852213111193695
Britain,Kick Sauber,BOT,2,31.0545,62.109,INTERMEDIATE,18.5,104.75999999999999,101.36449999999999,125.9975,0.2964347079037801
Britain,Mercedes,HAM,2,29.512999999999998,59.025999999999996,INTERMEDIATE,19.0,101.20150000000001,100.2515,119.1275,0.29162611226118185
Britain,Haas F1 Team,HUL,2,29.9615,59.923,INTERMEDIATE,19.5,99.549,97.386,119.19300000000001,0.3009723854584175
Britain,Ferrari,LEC,3,28.94333333333333,86.83,INTERMEDIATE,12.333333333333334,103.379,100.56566666666667,120.406,0.27997304417080193
Britain,Haas F1 Team,MAG,2,30.0245,60.049,INTERMEDIATE,18.5,106.6815,104.5385,124.61500000000001,0.281440549673561
Britain,McLaren,NOR,2,29.552,59.104,INTERMEDIATE,19.5,100.776,99.757,117.8775,0.293244423275383
Britain,Alpine,OCO,4,28.7935,115.174,INTERMEDIATE,9.5,104.90424999999999,107.29725,119.77475,0.27447410376605336
Britain,Red Bull Racing,PER,4,29.689999999999998,118.75999999999999,INTERMEDIATE,11.75,99.396,99.97575,122.30325,0.2987041732061652
Britain,McLaren,PIA,2,29.468,58.936,INTERMEDIATE,19.0,105.041,104.691,117.92099999999999,0.2805380756085719
Britain,RB,RIC,2,29.3885,58.777,INTERMEDIATE,18.5,102.648,100.969,123.05799999999999,0.28630367859091266
Britain,Mercedes,RUS,1,32.139,32.139,INTERMEDIATE,16.5,106.95949999999999,101.517,124.342,0.3004782183910733
Britain,Ferrari,SAI,3,28.954666666666668,86.864,HARD,16.666666666666668,96.23899999999999,94.31733333333334,116.98766666666667,0.30086208986654756
Britain,Williams,SAR,2,31.146,62.292,INTERMEDIATE,19.0,105.52850000000001,103.4245,121.1185,0.29514301823677963
Britain,Aston Martin,STR,2,29.244500000000002,58.489000000000004,INTERMEDIATE,19.5,99.2715,97.362,118.8215,0.294591096135346
Britain,RB,TSU,2,29.8105,59.621,INTERMEDIATE,19.0,103.398,102.179,121.04249999999999,0.2883082844929303
Britain,Red Bull Racing,VER,2,28.811,57.622,INTERMEDIATE,19.0,98.727,97.46600000000001,118.74000000000001,0.29182493137642185
Britain,Kick Sauber,ZHO,4,30.27375,121.095,INTERMEDIATE,9.25,101.81725,101.42925,123.062,0.297334194353118
Hungary,Williams,ALB,2,22.831,45.662,HARD,14.5,88.013,86.094,102.967,0.25940486064558643
Hungary,Aston Martin,ALO,2,22.2085,44.417,MEDIUM,20.0,86.7425,85.276,102.06049999999999,0.25602789866559067
Hungary,Kick Sauber,BOT,2,22.0165,44.033,HARD,23.0,88.3425,86.064,102.607,0.24921753402948751
Hungary,Alpine,GAS,1,21.397,21.397,HARD,16.5,88.0615,84.845,101.671,0.2429779188408101
Hungary,Mercedes,HAM,2,21.621499999999997,43.242999999999995,HARD,20.0,87.48949999999999,84.6815,100.667,0.24713251304442246
Hungary,Haas F1 Team,HUL,2,22.465,44.93,HARD,14.5,88.3555,91.46600000000001,102.016,0.2542569506142798
Hungary,Ferrari,LEC,2,21.7625,43.525,HARD,20.0,87.096,84.4615,101.422,0.24986796178928997
Hungary,Haas F1 Team,MAG,2,22.188,44.376,HARD,17.0,88.0855,85.78399999999999,102.917,0.2518916280205028
Hungary,McLaren,NOR,2,21.502499999999998,43.004999999999995,HARD,23.0,86.4065,84.363,100.37899999999999,0.2488528062124956
Hungary,Alpine,OCO,3,21.495333333333335,64.486,HARD,21.333333333333332,89.654,85.96633333333334,101.62466666666667,0.23975877633271617
Hungary,Red Bull Racing,PER,2,21.191499999999998,42.382999999999996,HARD,23.5,87.003,84.56649999999999,101.09700000000001,0.2435720607335379
Hungary,McLaren,PIA,2,21.764000000000003,43.528000000000006,HARD,24.0,86.374,84.2295,101.9315,0.2519739736494779
Hungary,RB,RIC,2,21.237,42.474,HARD,14.0,87.21600000000001,85.824,101.50550000000001,0.24349889928453491
Hungary,Mercedes,RUS,2,21.3455,42.691,HARD,26.5,86.762,84.16550000000001,99.38749999999999,0.24602360480394644
Hungary,Ferrari,SAI,2,21.516,43.032,HARD,23.5,87.2695,84.4325,101.26400000000001,0.24654661708844441
Hungary,Williams,SAR,3,21.659333333333333,64.978,HARD,21.0,88.47833333333334,85.45800000000001,101.48866666666667,0.2447981615084672
Hungary,Aston Martin,STR,2,22.8765,45.753,MEDIUM,24.5,87.5975,85.0575,103.461,0.26115471331944407
Hungary,RB,TSU,1,21.478,21.478,MEDIUM,29.0,88.185,85.787,101.656,0.24355616034472985
Hungary,Red Bull Racing,VER,2,21.786,43.572,HARD,24.5,86.7475,84.37700000000001,100.539,0.25114268422721114
Hungary,Kick Sauber,ZHO,2,22.054000000000002,44.108000000000004,HARD,18.5,88.648,87.13900000000001,103.17,0.24878169840267128
Belgium,Williams,ALB,2,23.1865,46.373,MEDIUM,11.5,114.832,110.474,123.17500000000001,0.20191671311132786
Belgium,Aston Martin,ALO,1,23.116,23.116,MEDIUM,13.0,114.654,110.891,123.993,0.20161529471278805
Belgium,Kick Sauber,BOT,2,23.136000000000003,46.272000000000006,HARD,17.5,114.255,110.1875,122.5815,0.20249442037547594
Belgium,Alpine,GAS,2,22.9395,45.879,HARD,14.0,114.86250000000001,110.39,123.68299999999999,0.19971269996735225
Belgium,Mercedes,HAM,2,22.9315,45.863,HARD,13.0,113.1875,108.898,123.04599999999999,0.20259745996686912
Belgium,Haas F1 Team,HUL,2,23.448,46.896,HARD,10.0,115.1695,111.3405,124.326,0.20359557000768433
Belgium,Ferrari,LEC,2,23.3855,46.771,HARD,12.5,113.2245,109.2055,122.3195,0.20654098715384037
Belgium,Haas F1 Team,MAG,1,23.58,23.58,MEDIUM,17.0,114.556,110.473,124.382,0.2058381926743252
Belgium,McLaren,NOR,2,22.68,45.36,HARD,14.5,112.8545,108.55199999999999,121.0115,0.20096673149940852
Belgium,Alpine,OCO,2,23.4755,46.951,HARD,15.0,114.09800000000001,109.86,123.0445,0.2057485670213325
Belgium,Red Bull Racing,PER,3,22.635,67.905,MEDIUM,14.0,114.13066666666667,109.18666666666667,123.01933333333334,0.19832531133905
Belgium,McLaren,PIA,2,23.464,46.928,HARD,15.0,113.00450000000001,108.849,122.2635,0.2076377489392015
Belgium,RB,RIC,2,22.444000000000003,44.888000000000005,MEDIUM,10.5,114.991,110.74600000000001,123.742,0.1951804923863607
Belgium,Mercedes,RUS,1,22.684,22.684,MEDIUM,10.0,114.652,110.142,122.456,0.19785088790426683
Belgium,Ferrari,SAI,2,22.972,45.944,HARD,14.0,113.13900000000001,108.7035,122.122,0.20304227543110687
Belgium,Williams,SAR,2,23.4205,46.841,MEDIUM,12.0,115.6745,111.4325,123.86349999999999,0.20246899705639532
Belgium,Aston Martin,STR,1,22.884,22.884,MEDIUM,12.0,115.246,110.762,124.552,0.19856654460892353
Belgium,RB,TSU,1,23.423,23.423,MEDIUM,15.0,116.408,111.117,124.84,0.20121469314823723
Belgium,Red Bull Racing,VER,2,23.0325,46.065,HARD,14.0,113.34049999999999,109.02,121.63900000000001,0.20321509081043404
Belgium,Kick Sauber,ZHO,0,,0.0,HARD,5.0,133.633,112.376,,
Netherlands,Williams,ALB,2,21.1155,42.231,HARD,27.0,79.99799999999999,76.959,95.0685,0.26395034875871903
Netherlands,Aston Martin,ALO,1,21.279,21.279,MEDIUM,31.0,81.976,77.251,95.807,0.25957597345564554
Netherlands,Kick Sauber,BOT,2,20.947499999999998,41.894999999999996,HARD,21.5,81.90899999999999,78.3945,95.851,0.255741127348643
Netherlands,Alpine,GAS,1,22.581,22.581,MEDIUM,32.0,80.262,77.353,97.706,0.2813411078717201
Netherlands,Mercedes,HAM,2,21.1185,42.237,HARD,24.0,79.462,76.8195,93.94200000000001,0.2657685434547331
Netherlands,Haas F1 Team,HUL,1,21.731,21.731,MEDIUM,14.0,81.339,77.704,95.205,0.26716581221800123
Netherlands,Ferrari,LEC,1,20.821,20.821,MEDIUM,24.0,79.947,76.728,93.239,0.260435038212816
Netherlands,Haas F1 Team,MAG,1,21.391,21.391,HARD,40.0,83.97,80.604,95.156,0.254745742527093
Netherlands,McLaren,NOR,1,21.52,21.52,MEDIUM,28.0,79.241,75.744,95.15,0.2715765828295958
Netherlands,Alpine,OCO,1,21.033,21.033,MEDIUM,30.0,81.104,77.681,95.661,0.2593336950088775
Netherlands,Red Bull Racing,PER,1,22.992,22.992,MEDIUM,29.0,80.183,76.57,96.537,0.2867440729331654
Netherlands,McLaren,PIA,1,21.079,21.079,MEDIUM,33.0,79.492,76.214,94.573,0.26517133799627635
Netherlands,RB,RIC,1,20.706,20.706,MEDIUM,29.0,81.621,77.9,95.924,0.2536847134928511
Netherlands,Mercedes,RUS,2,21.3555,42.711,HARD,27.0,79.13,76.201,94.5195,0.2698786806520915
Netherlands,Ferrari,SAI,1,20.686,20.686,MEDIUM,30.0,79.673,76.566,94.918,0.259636263225936
Netherlands,Williams,SAR,1,22.098,22.098,MEDIUM,22.0,83.235,77.713,96.337,0.2654892773472698
Netherlands,Aston Martin,STR,1,21.642,21.642,MEDIUM,30.0,80.575,77.959,95.126,0.2685944771951598
Netherlands,RB,TSU,2,21.054000000000002,42.108000000000004,MEDIUM,16.0,80.4555,77.39750000000001,95.9415,0.26168503085556616
Netherlands,Red Bull Racing,VER,1,20.749,20.749,MEDIUM,27.0,79.89,76.517,94.574,0.2597196144698961
Netherlands,Kick Sauber,ZHO,2,21.598,43.196,HARD,25.5,81.2835,77.77250000000001,98.50399999999999,0.265711983366858
Italy,Williams,ALB,1,24.8,24.8,MEDIUM,17.0,91.436,86.454,106.033,0.27122796272802835
Italy,Aston Martin,ALO,2,24.718,49.436,HARD,18.5,89.7695,85.4205,104.87299999999999,0.27534964548092616
Italy,Kick Sauber,BOT,1,24.475,24.475,HARD,34.0,90.924,87.859,105.462,0.26918085433988825
Italy,Williams,COL,1,25.187,25.187,MEDIUM,16.0,91.193,86.672,106.349,0.27619444474904875
Italy,Alpine,GAS,2,24.3005,48.601,HARD,15.0,91.2695,86.61349999999999,105.71700000000001,0.26624995206503815
Italy,Mercedes,HAM,2,24.4715,48.943,HARD,18.5,89.357,84.709,104.045,0.273862148460669
Italy,Haas F1 Team,HUL,2,37.704499999999996,75.40899999999999,HARD,16.0,90.816,85.8415,118.366,0.41517463883016203
Italy,Ferrari,LEC,1,24.419,24.419,MEDIUM,15.0,90.192,85.606,104.888,0.2707446336703921
Italy,Haas F1 Team,MAG,1,25.669,25.669,MEDIUM,14.0,89.943,86.286,107.023,0.2853918592886606
Italy,McLaren,NOR,2,24.518,49.036,HARD,16.0,88.41550000000001,85.14949999999999,103.9565,0.2773043188128778
Italy,Alpine,OCO,1,24.194,24.194,HARD,31.0,90.757,86.025,104.71,0.2665799883204601
Italy,Red Bull Racing,PER,2,24.305500000000002,48.611000000000004,HARD,17.5,89.062,84.66,104.5455,0.27290539174956774
Italy,McLaren,PIA,2,24.270000000000003,48.540000000000006,HARD,19.0,89.032,84.4285,103.844,0.2725986162278732
Italy,RB,RIC,1,30.393,30.393,MEDIUM,11.0,91.962,86.111,112.188,0.33049520454100606
Italy,Mercedes,RUS,2,29.518,59.036,HARD,16.5,89.7195,84.505,109.1375,0.3290031709940426
Italy,Ferrari,SAI,1,24.316,24.316,MEDIUM,19.0,90.388,85.678,104.811,0.2690180112404301
Italy,Aston Martin,STR,3,24.862333333333336,74.587,HARD,18.0,90.28033333333333,85.81700000000001,106.80666666666667,0.27539035818063
Italy,RB,TSU,0,,0.0,HARD,8.0,100.319,88.473,,
Italy,Red Bull Racing,VER,2,26.018500000000003,52.037000000000006,HARD,20.5,89.203,84.85900000000001,105.9645,0.29167740995258007
Italy,Kick Sauber,ZHO,1,27.245,27.245,MEDIUM,16.0,92.048,87.092,109.128,0.29598687641230664
Singapore,Williams,ALB,1,29.116,29.116,HARD,7.5,119.972,99.318,118.026,0.24268996099089787
Singapore,Aston Martin,ALO,1,29.682,29.682,MEDIUM,26.0,108.707,99.597,118.688,0.2730458940086655
Singapore,Kick Sauber,BOT,1,30.611,30.611,HARD,33.0,108.688,100.831,119.526,0.281641027528338
Singapore,Williams,COL,1,29.954,29.954,MEDIUM,29.0,108.344,99.813,121.584,0.27647123975485494
Singapore,Alpine,GAS,1,31.669,31.669,MEDIUM,37.0,112.264,102.881,121.644,0.28209399273141883
Singapore,Mercedes,HAM,1,29.278,29.278,SOFT,19.0,106.862,99.044,118.708,0.2739795249948532
Singapore,Haas F1 Team,HUL,1,29.661,29.661,MEDIUM,29.0,108.55,101.269,121.641,0.2732473514509443
Singapore,Ferrari,LEC,1,29.115,29.115,MEDIUM,36.0,107.084,99.264,117.168,0.27188935788726604
Singapore,Haas F1 Team,MAG,2,30.344,60.688,HARD,19.0,108.989,99.20166666666667,127.35,0.2784134178678582
Singapore,McLaren,NOR,1,28.984,28.984,MEDIUM,30.0,107.073,101.878,118.408,0.2706938257076948
Singapore,Alpine,OCO,1,29.677,29.677,MEDIUM,29.0,110.059,100.723,120.611,0.26964628063129775
Singapore,Red Bull Racing,PER,1,29.077,29.077,MEDIUM,28.0,107.385,99.713,117.269,0.2707733854821437
Singapore,McLaren,PIA,1,29.1,29.1,MEDIUM,38.0,106.395,98.437,117.551,0.2735090934724376
Singapore,RB,RIC,3,29.736,89.208,SOFT,19.333333333333332,107.72333333333334,99.77933333333333,119.61866666666667,0.2760404740539035
Singapore,Mercedes,RUS,1,28.713,28.713,MEDIUM,27.0,106.903,98.757,117.061,0.2685892818723516
Singapore,Ferrari,SAI,1,29.389,29.389,MEDIUM,13.0,107.072,99.713,116.967,0.27447885534967126
Singapore,Aston Martin,STR,1,29.729,29.729,HARD,27.0,108.829,100.487,120.401,0.27317167299157397
Singapore,RB,TSU,1,29.8,29.8,MEDIUM,33.0,107.942,100.018,121.124,0.2760741879898464
Singapore,Red Bull Racing,VER,1,29.681,29.681,MEDIUM,29.0,107.873,99.265,118.989,0.27514762730247605
Singapore,Kick Sauber,ZHO,1,29.552,29.552,HARD,34.0,108.825,101.039,119.614,0.2715552492533885
Japan,Aston Martin,ALO,3,542.3413333333333,1627.024,SOFT,11.333333333333334,113.712,98.18950000000001,115.7935,4.769429201256976
Japan,Kick Sauber,BOT,3,544.266,1632.798,SOFT,7.666666666666667,122.77833333333332,98.868,119.548,4.432915688164307
Japan,Alpine,GAS,3,544.4906666666667,1633.472,HARD,10.666666666666666,126.14233333333334,100.41499999999999,118.2825,4.316478475373057
Japan,Mercedes,HAM,3,542.6536666666667,1627.961,HARD,13.0,117.73733333333332,98.6405,114.768,4.609019512360849
Japan,Haas F1 Team,HUL,3,542.876,1628.628,SOFT,11.333333333333334,122.74666666666667,100.311,117.33000000000001,4.422735172713447
Japan,Ferrari,LEC,2,803.2470000000001,1606.4940000000001,MEDIUM,13.0,128.859,97.918,115.623,6.233534328219217
Japan,Haas F1 Team,MAG,2,805.26,1610.52,MEDIUM,11.0,143.668,99.545,121.576,5.605005986023332
Japan,McLaren,NOR,3,542.1223333333334,1626.367,MEDIUM,9.0,112.14266666666667,97.858,116.132,4.834220100586158
Japan,Alpine,OCO,3,544.4043333333333,1633.213,HARD,11.0,124.40466666666667,99.5515,118.10300000000001,4.376076460154227
Japan,Red Bull Racing,PER,3,541.1323333333333,1623.3970000000002,MEDIUM,11.333333333333334,111.02733333333333,97.8055,114.886,4.8738658948847435
Japan,McLaren,PIA,3,542.1093333333333,1626.328,MEDIUM,11.0,114.97366666666666,98.545,117.0255,4.715073886484151
Japan,Mercedes,RUS,3,542.522,1627.566,HARD,12.333333333333334,119.77066666666667,97.98,114.7385,4.529673375784833
Japan,Ferrari,SAI,3,542.2103333333333,1626.631,MEDIUM,12.333333333333334,112.454,97.726,115.611,4.82161891380772
Japan,Williams,SAR,4,414.3165,1657.266,HARD,10.25,133.65475,98.02,117.73166666666667,3.0999010510288634
Japan,Aston Martin,STR,4,413.722,1654.888,SOFT,8.5,120.77775,99.42133333333334,115.56400000000001,3.4254819285837
Japan,RB,TSU,3,543.5386666666667,1630.616,HARD,8.333333333333334,123.49333333333334,99.2245,117.64750000000001,4.401360397322392
Japan,Red Bull Racing,VER,3,540.5833333333334,1621.75,MEDIUM,11.666666666666666,110.07766666666667,97.451,115.9905,4.910926527633519
Japan,Kick Sauber,ZHO,4,382.86424999999997,1531.4569999999999,HARD,4.0,131.8255,99.536,123.29750000000001,2.9043261736158783
United States,Williams,ALB,2,29.646500000000003,59.293000000000006,MEDIUM,16.5,119.2,102.9205,121.549,0.24871224832214767
United States,Aston Martin,ALO,1,24.327,24.327,MEDIUM,26.0,102.193,101.614,120.837,0.23804957286702613
United States,Kick Sauber,BOT,1,24.462,24.462,MEDIUM,15.0,102.714,102.125,121.652,0.23815643437116654
United States,Williams,COL,1,24.024,24.024,HARD,39.0,100.591,100.11,119.212,0.23882852342654912
United States,Alpine,GAS,1,28.191,28.191,MEDIUM,18.0,101.038,102.142,125.822,0.2790138363783923
United States,Haas F1 Team,HUL,1,24.218,24.218,MEDIUM,27.0,101.173,100.664,122.271,0.23937216451029425
United States,RB,LAW,1,23.977,23.977,HARD,36.0,101.342,100.484,119.598,0.23659489648911608
United States,Ferrari,LEC,1,23.87,23.87,MEDIUM,26.0,100.211,99.583,119.522,0.23819740347866003
United States,Haas F1 Team,MAG,2,24.022,48.044,HARD,19.0,100.869,101.191,119.20400000000001,0.2381504723948884
United States,McLaren,NOR,1,23.805,23.805,MEDIUM,31.0,101.469,99.705,119.605,0.2346036720574757
United States,Alpine,OCO,2,25.133,50.266,HARD,25.5,102.6235,100.51249999999999,125.26350000000001,0.24490491943853013
United States,Red Bull Racing,PER,1,23.617,23.617,MEDIUM,26.0,100.789,100.115,119.807,0.23432120568712855
United States,McLaren,PIA,1,24.194,24.194,MEDIUM,32.0,101.107,100.829,119.344,0.23929104809756
United States,Mercedes,RUS,1,29.4,29.4,HARD,40.0,100.641,98.997,124.213,0.29212746296241093
United States,Ferrari,SAI,1,24.023,24.023,MEDIUM,21.0,100.695,99.814,117.897,0.23857192512041314
United States,Aston Martin,STR,1,26.493,26.493,HARD,28.0,102.199,103.213,123.231,0.2592295423634282
United States,RB,TSU,1,24.39,24.39,MEDIUM,18.0,102.676,103.026,122.848,0.23754334021582454
United States,Red Bull Racing,VER,1,24.392,24.392,MEDIUM,25.0,100.718,100.318,119.619,0.24218113941897176
United States,Kick Sauber,ZHO,2,24.6545,49.309,MEDIUM,17.5,102.105,101.8245,124.464,0.24146222026345426
Mexico,Aston Martin,ALO,0,,0.0,MEDIUM,16.0,88.421,84.366,,
Mexico,Kick Sauber,BOT,1,22.596,22.596,HARD,50.0,85.822,82.879,101.938,0.2632891333224581
Mexico,Williams,COL,1,23.949,23.949,HARD,47.0,87.309,82.625,102.56,0.2743016183898567
Mexico,Alpine,GAS,1,23.278,23.278,MEDIUM,28.0,87.318,84.108,102.276,0.2665887903983142
Mexico,Mercedes,HAM,1,22.492,22.492,MEDIUM,28.0,87.112,83.203,101.644,0.2581963449352558
Mexico,Haas F1 Team,HUL,1,23.15,23.15,MEDIUM,29.0,86.75,83.881,101.492,0.2668587896253602
Mexico,RB,LAW,2,26.3215,52.643,HARD,32.5,88.70500000000001,82.82,106.383,0.296730736711572
Mexico,Ferrari,LEC,2,22.8225,45.645,HARD,34.5,85.396,81.66550000000001,99.88,0.26725490655300016
Mexico,Haas F1 Team,MAG,1,23.478,23.478,MEDIUM,30.0,87.122,83.805,102.205,0.2694841716214045
Mexico,McLaren,NOR,1,22.088,22.088,MEDIUM,30.0,86.051,82.735,99.899,0.25668498913435056
Mexico,Alpine,OCO,1,23.223,23.223,HARD,48.0,88.34,83.089,100.883,0.2628820466379896
Mexico,Red Bull Racing,PER,3,23.887666666666664,71.663,MEDIUM,22.666666666666668,87.55633333333333,83.55466666666666,102.24733333333334,0.2728262566195478
Mexico,McLaren,PIA,1,21.789,21.789,MEDIUM,39.0,85.068,82.312,99.719,0.25613626745662293
Mexico,Mercedes,RUS,1,22.606,22.606,MEDIUM,31.0,85.753,82.698,102.382,0.26361759938427815
Mexico,Ferrari,SAI,1,22.249,22.249,MEDIUM,32.0,85.108,82.057,99.813,0.2614207830051229
Mexico,Aston Martin,STR,1,22.556,22.556,MEDIUM,27.0,87.333,84.011,101.589,0.25827579494578223
Mexico,Red Bull Racing,VER,1,43.744,43.744,MEDIUM,26.0,85.562,82.621,121.898,0.5112549963768963
Mexico,Kick Sauber,ZHO,1,22.933,22.933,HARD,44.0,87.429,84.414,102.961,0.2623042697503117
Brazil,Aston Martin,ALO,2,724.022,1448.044,INTERMEDIATE,17.5,98.089,101.8015,120.925,7.381276187951759
Brazil,Haas F1 Team,BEA,2,730.3415,1460.683,INTERMEDIATE,16.0,98.431,98.51400000000001,131.553,7.419832166695452
Brazil,Kick Sauber,BOT,1,1422.111,1422.111,INTERMEDIATE,32.0,,112.258,,
Brazil,Williams,COL,1,25.294,25.294,INTERMEDIATE,15.0,110.37950000000001,94.65199999999999,122.141,0.2291548702431158
Brazil,Alpine,GAS,1,1407.544,1407.544,INTERMEDIATE,32.0,,126.773,,
Brazil,Mercedes,HAM,2,725.4875,1450.975,INTERMEDIATE,16.0,100.067,98.507,119.838,7.25001748828285
Brazil,Haas F1 Team,HUL,4,-6.971499999999999,-27.885999999999996,INTERMEDIATE,7.5,108.976,106.31366666666668,106.643,-0.06397280135075611
Brazil,RB,LAW,2,725.44,1450.88,INTERMEDIATE,25.0,113.045,104.86250000000001,125.322,6.417267459861118
Brazil,Ferrari,LEC,2,722.4459999999999,1444.8919999999998,INTERMEDIATE,18.5,88.997,102.547,105.082,8.11764441498028
Brazil,McLaren,NOR,2,720.09,1440.18,INTERMEDIATE,19.5,115.212,106.92150000000001,122.458,6.250130194771378
Brazil,Alpine,OCO,1,1408.728,1408.728,INTERMEDIATE,34.0,,132.11,,
Brazil,Red Bull Racing,PER,2,725.921,1451.842,INTERMEDIATE,18.5,102.155,98.7935,120.667,7.106074103078655
Brazil,McLaren,PIA,2,723.0574999999999,1446.1149999999998,INTERMEDIATE,19.5,96.487,103.6945,121.36,7.493833366152953
Brazil,Mercedes,RUS,2,720.7185,1441.437,INTERMEDIATE,19.0,114.428,106.181,122.979,6.298445310588317
Brazil,Ferrari,SAI,2,725.3545,1450.709,INTERMEDIATE,16.0,101.195,98.7915,122.82,7.167888729680321
Brazil,RB,TSU,2,722.3340000000001,1444.6680000000001,INTERMEDIATE,17.5,117.034,107.0155,115.413,6.17200129876788
Brazil,Red Bull Racing,VER,1,1409.224,1409.224,INTERMEDIATE,32.0,,124.967,,
Brazil,Kick Sauber,ZHO,4,274.48474999999996,1097.9389999999999,INTERMEDIATE,9.75,117.36500000000001,107.31233333333334,132.5515,2.3387274741192003
Abu Dhabi,Williams,ALB,1,22.054,22.054,MEDIUM,12.0,92.201,90.758,109.973,0.23919480265940715
Abu Dhabi,Aston Martin,ALO,2,23.0485,46.097,HARD,19.5,92.6215,91.12,110.7105,0.24884611024438172
Abu Dhabi,Kick Sauber,BOT,1,41.098,41.098,HARD,15.0,118.471,90.58250000000001,130.132,0.3469034616066379
Abu Dhabi,Williams,COL,1,24.952,24.952,HARD,13.0,115.612,106.141,115.146,0.215825346849808
Abu Dhabi,Alpine,DOO,1,22.066,22.066,MEDIUM,22.0,93.037,90.92,110.994,0.2371744574739082
Abu Dhabi,Alpine,GAS,1,21.987,21.987,MEDIUM,14.0,92.241,90.173,109.784,0.23836471850912283
Abu Dhabi,Mercedes,HAM,1,21.693,21.693,HARD,34.0,91.792,89.589,108.722,0.23632778455638837
Abu Dhabi,Haas F1 Team,HUL,1,21.575,21.575,MEDIUM,13.0,92.49,91.288,109.649,0.23326846145529248
Abu Dhabi,RB,LAW,3,-12.445333333333336,-37.336000000000006,HARD,10.0,101.09533333333333,91.74966666666667,116.80399999999999,-0.12310492406507392
Abu Dhabi,Ferrari,LEC,1,21.933,21.933,MEDIUM,20.0,92.189,90.082,108.662,0.23791341700202845
Abu Dhabi,Haas F1 Team,MAG,4,-7.58175,-30.327,HARD,13.75,99.588,91.104,115.30375000000001,-0.07613116038076878
Abu Dhabi,McLaren,NOR,1,21.406,21.406,MEDIUM,26.0,91.567,89.21,107.513,0.23377417628621666
Abu Dhabi,McLaren,PIA,2,28.189500000000002,56.379000000000005,HARD,16.0,91.91399999999999,92.5145,115.66749999999999,0.306694301194595
Abu Dhabi,Mercedes,RUS,1,21.389,21.389,MEDIUM,27.0,92.057,89.945,108.853,0.23234517744440944
Abu Dhabi,Ferrari,SAI,1,21.393,21.393,MEDIUM,25.0,90.842,89.372,107.557,0.23549679663591733
Abu Dhabi,Aston Martin,STR,2,22.637500000000003,45.275000000000006,HARD,17.0,92.541,90.76599999999999,110.866,0.24462130299002607
Abu Dhabi,RB,TSU,1,21.809,21.809,MEDIUM,22.0,92.597,91.218,110.323,0.2355259889629254
Abu Dhabi,Red Bull Racing,VER,1,32.739,32.739,MEDIUM,29.0,91.857,90.274,119.495,0.35641268493419115
Abu Dhabi,Kick Sauber,ZHO,2,25.916,51.832,HARD,19.5,92.3065,90.272,114.4125,0.2807602931537866
